Business ID,Business Name,Business Type,Area,Address,Phone,Email,Rating,Review Count,Price Range,Hours,Services,About,Year Established,Facebook URL,Instagram URL,Logo URL,Maps URL,Lead Reason,Score,Photos
BIZ_001,Joe's Famous Pizza & Catering,Pizza delivery,"South Amboy, NJ","132 S Pine Ave, South Amboy, NJ 08879",+17327211040,joesfamouspizza1946@gmail.com,4.3,67,,,"connection_quality, latency_level, is_ad, content_category","Joes Famous Pizza, Vauxhall. 2,136 likes · 31 talking about this · 706 were here. Home of Joe’s Famous Pizza (Vauxhall, NJ) 🇮🇹
Love At First Bite Since 1946 ♥️🍕",,https://www.facebook.com/joesfamouspizza/,https://www.instagram.com/joesfamouspizzeria/,C:\Users\aadik\Downloads\site-builder\leads\photos\joe-s-famous-pizza-catering-132-s-pine-ave-sout\hero.jpg,https://www.google.com/maps/place/Joe%27s+Famous+Pizza+%26+Catering/data=!4m7!3m6!1s0x89c3cbb4dde43291:0x2693183de48b5f18!8m2!3d40.4791215!4d-74.2850809!16s%2Fg%2F11b6bbvhsy!19sChIJkTLk3bTLw4kRGF-L5D0YkyY,No website,100,C:\Users\aadik\Downloads\site-builder\leads\photos\joe-s-famous-pizza-catering-132-s-pine-ave-sout
BIZ_002,Haircut Store,Barber shop,"South Amboy, NJ","330 Bordentown Ave, South Amboy, NJ 08879",+17326219770,,4.3,35,,Thursday: 9 AM–5 PM | Friday(Juneteenth): 9 AM–5 PM Hours might differ | Saturday: 9 AM–5 PM | Sunday: Closed | Monday: 9 AM–5 PM | Tuesday: 9 AM–5 PM | Wednesday: 9 AM–5 PM,"connection_quality, latency_level, is_ad, content_category","The Haircut Store, South Amboy. 42 likes · 6 were here. Barber Shop",,https://www.facebook.com/haircutstore.330/,https://www.instagram.com/broadways_imageshop/,C:\Users\aadik\Downloads\site-builder\leads\photos\haircut-store-330-bordentown-ave\hero.jpg,https://www.google.com/maps/place/Haircut+Store/data=!4m7!3m6!1s0x89c3cb3c7434c5b3:0xc80c84284401f65c!8m2!3d40.478395!4d-74.2823655!16s%2Fg%2F11h5rr7p1b!19sChIJs8U0dDzLw4kRXPYBRCiEDMg,No website,91,C:\Users\aadik\Downloads\site-builder\leads\photos\haircut-store-330-bordentown-ave
BIZ_003,Familiar Pest Control Service,Pest control service,"Jersey City, NJ","1600 Harbor Blvd, Weehawken Township, NJ 07086",+15512012097,admin@thebugstoppers.com,4.6,10,,Thursday: 8 AM–8 PM | Friday(Juneteenth): 8 AM–8 PM Hours might differ | Saturday: 8 AM–8 PM | Sunday: 8 AM–8 PM | Monday: 8 AM–8 PM | Tuesday: 8 AM–8 PM | Wednesday: 8 AM–8 PM,"connection_quality, latency_level, is_ad, content_category","Bugstoppers Pest Control LLC. 2,429 likes · 3 were here. Having trouble getting rid of unwanted pests? 
Call for a free quote!
www.thebugstoppers.com  
Contact +1 (908) 558-0746
Whatsapp +1 (908)...",,https://www.facebook.com/Thebugstoppers/,https://www.instagram.com/cooper.pest.solutions/,C:\Users\aadik\Downloads\site-builder\leads\photos\familiar-pest-control-service-1600-harbor-blvd-we\hero.jpg,https://www.google.com/maps/place/Familiar+Pest+Control+Service/data=!4m7!3m6!1s0x89c2582cfc99b0fb:0xd808f00862be21ba!8m2!3d40.7625663!4d-74.0206025!16s%2Fg%2F11fz23_f7j!19sChIJ-7CZ_CxYwokRuiG-YgjwCNg,No website,93,C:\Users\aadik\Downloads\site-builder\leads\photos\familiar-pest-control-service-1600-harbor-blvd-we
BIZ_004,Original Tree Services,Tree service,"South Amboy, NJ","491 S Pine Ave, South Amboy, NJ 08879",+19082178216,info@njtreeremoval.com,4.1,21,,,"connection_quality, latency_level, is_ad, content_category","G&R Tree Service - New Jersey, South Amboy. 3 likes. 🌳🌳 G&R Tree Service is a New Jersey based tree removal, tree trimming, & all-around tree service",,https://www.facebook.com/grtreeservicenj/,https://www.instagram.com/grtreeservicenj/,C:\Users\aadik\Downloads\site-builder\leads\photos\original-tree-services-491-s-pine-ave-sout\hero.jpg,https://www.google.com/maps/place/Original+Tree+Services/data=!4m7!3m6!1s0x89c3cbbacadeee71:0x14e0da3d6332a02a!8m2!3d40.4712354!4d-74.2790823!16s%2Fg%2F1tsjfl9b!19sChIJce7eyrrLw4kRKqAyYz3a4BQ,No website,93,C:\Users\aadik\Downloads\site-builder\leads\photos\original-tree-services-491-s-pine-ave-sout
BIZ_005,Michaels Jeweler distrution LLC,Jewelry store,"South Amboy, NJ","207 New Brunswick Ave, Perth Amboy, NJ 08861",+17324066501,,4.3,15,,Thursday: 11:30 AM–7 PM | Friday(Juneteenth): 11:30 AM–7 PM Hours might differ | Saturday: 11:30 AM–7 PM | Sunday: 11 AM–4 PM | Monday: 11:30 AM–7 PM | Tuesday: 11:30 AM–7 PM | Wednesday: 11:30 AM–7 PM,,See Instagram photos and videos from Cranford Family Care (@cranfordfamily),,,https://www.instagram.com/cranfordfamily/,C:\Users\aadik\Downloads\site-builder\leads\photos\michaels-jeweler-distrution-llc-207-new-brunswick-av\hero.jpg,https://www.google.com/maps/place/Michaels+Jeweler+distrution+LLC/data=!4m7!3m6!1s0x89c3cb1ae2493007:0xff403ac52e3a4704!8m2!3d40.511846!4d-74.2704417!16s%2Fg%2F11ybtvxnvk!19sChIJBzBJ4hrLw4kRBEc6LsU6QP8,No website,81,C:\Users\aadik\Downloads\site-builder\leads\photos\michaels-jeweler-distrution-llc-207-new-brunswick-av
BIZ_006,Perth Amboy Pets,Pet groomer,"South Amboy, NJ","200 Smith St, Perth Amboy, NJ 08861",+17325008019,animalcontrol@perthamboynjpd.org,4.8,26,,Thursday: 8 AM–7 PM | Friday(Juneteenth): 8 AM–7 PM Hours might differ | Saturday: 8 AM–7 PM | Sunday: 9 AM–5 PM | Monday: 8 AM–7 PM | Tuesday: 8 AM–7 PM | Wednesday: 8 AM–7 PM,"connection_quality, latency_level, is_ad, content_category","Perth Amboy Animal Shelter, Perth Amboy. 10,925 likes · 880 talking about this · 194 were here. Perth Amboy Animal Shelter is a small municipal shelter that makes every effort to find good homes fo",,https://www.facebook.com/PerthAmboyAnimalShelter/,https://www.instagram.com/jeannie_meows/,C:\Users\aadik\Downloads\site-builder\leads\photos\perth-amboy-pets-200-smith-st-perth\hero.jpg,https://www.google.com/maps/place/Perth+Amboy+Pets/data=!4m7!3m6!1s0x89c3cb0058acfb0d:0xb712f3fbf7db8c31!8m2!3d40.5096866!4d-74.2713587!16s%2Fg%2F11z22rv_cc!19sChIJDfusWADLw4kRMYzb9_vzErc,No website,93,C:\Users\aadik\Downloads\site-builder\leads\photos\perth-amboy-pets-200-smith-st-perth
BIZ_007,Poochie Doo Pet Grooming,Pet groomer,"South Amboy, NJ","149 N Broadway, South Amboy, NJ 08879",+17325251172,poochiedoogrooming@gmail.com,4.6,94,,Thursday: 9 AM–5 PM | Friday(Juneteenth): 9 AM–6 PM Hours might differ | Saturday: 9 AM–5 PM | Sunday: Closed | Monday: Closed | Tuesday: 11 AM–5 PM | Wednesday: 9 AM–5 PM,"connection_quality, latency_level, is_ad, content_category","Poochie Doo Grooming, South Amboy. 678 likes · 323 talking about this · 190 were here. We are a full service Dog Grooming salon.We’re Appointment only. Please call 732-525-1172 to make a appointment....",,https://www.facebook.com/Poochiedoogrooming/,https://www.instagram.com/poochie_doo_grooming/,C:\Users\aadik\Downloads\site-builder\leads\photos\poochie-doo-pet-grooming-149-n-broadway-sout\hero.jpg,https://www.google.com/maps/place/Poochie+Doo+Pet+Grooming/data=!4m7!3m6!1s0x89c3ca4ea0fa273f:0x80c8c860ca861126!8m2!3d40.4850478!4d-74.2812311!16s%2Fg%2F1tdfjmnp!19sChIJPyf6oE7Kw4kRJhGGymDIyIA,No website,93,C:\Users\aadik\Downloads\site-builder\leads\photos\poochie-doo-pet-grooming-149-n-broadway-sout
BIZ_008,Five Corners Barber Shop,Barber shop,"South Amboy, NJ","170 New Brunswick Ave, Perth Amboy, NJ 08861",+17326464556,,4.7,43,,Thursday: 9 AM–8 PM | Friday(Juneteenth): 9 AM–8 PM Hours might differ | Saturday: 9 AM–9 PM | Sunday: 10 AM–5 PM | Monday: 9 AM–8 PM | Tuesday: 9 AM–8 PM | Wednesday: 9 AM–8 PM,,See Instagram photos and videos from  (@njdogbarbers),,,https://www.instagram.com/njdogbarbers/,C:\Users\aadik\Downloads\site-builder\leads\photos\five-corners-barber-shop-170-new-brunswick-av\hero.jpg,https://www.google.com/maps/place/Five+Corners+Barber+Shop/data=!4m7!3m6!1s0x89c3cb6f4542cbd3:0x41e31d1c04076675!8m2!3d40.5102557!4d-74.2682388!16s%2Fg%2F11fsltrfmc!19sChIJ08tCRW_Lw4kRdWYHBBwd40E,No website,81,C:\Users\aadik\Downloads\site-builder\leads\photos\five-corners-barber-shop-170-new-brunswick-av
BIZ_009,Dry Cleaners,Dry cleaner,"Jersey City, NJ","295 Academy St, Jersey City, NJ 07306",+12012228770,support@coastalcleanersusa.com,3.4,5,,Thursday: 7:30 AM–5:30 PM | Friday(Juneteenth): 7:30 AM–5:30 PM Hours might differ | Saturday: 7:30 AM–5:30 PM | Sunday: Closed | Monday: 7:30 AM–5:30 PM | Tuesday: 7:30 AM–5:30 PM | Wednesday: 7:30 AM–5:30 PM,"connection_quality, latency_level, is_ad, content_category","Liberty Dry Cleaners, Jersey City. 13 likes · 1 was here. Liberty Dry Cleaners
FREE PICK UP - Delivery (Jersey City Downtown, Hoboken, Weehawken, West York

E",,https://www.facebook.com/libertycleanerssns/,https://www.instagram.com/journalsquarelaundry/,C:\Users\aadik\Downloads\site-builder\leads\photos\dry-cleaners-295-academy-st-jers\hero.jpg,https://www.google.com/maps/place/Dry+Cleaners/data=!4m7!3m6!1s0x89c2570054a43e6f:0x215f7d6313aff125!8m2!3d40.7296325!4d-74.0665836!16s%2Fg%2F11xnt3n3b2!19sChIJbz6kVABXwokRJfGvE2N9XyE,No website,89,C:\Users\aadik\Downloads\site-builder\leads\photos\dry-cleaners-295-academy-st-jers
BIZ_010,Hudson Florist,Florist,"Jersey City, NJ","741 Bergen Ave A, Jersey City, NJ 07306",+12014332868,hudsonfloristjc@gmail.com,4.2,98,,Thursday: 9 AM–4:30 PM | Friday(Juneteenth): 9 AM–4:30 PM Hours might differ | Saturday: 9 AM–3 PM | Sunday: Closed | Monday: 9 AM–4 PM | Tuesday: 9 AM–4:30 PM | Wednesday: 9 AM–4:30 PM,"connection_quality, latency_level, is_ad, content_category","Hudson Florist, Jersey City. 62 likes · 10 were here. We're a young local flower shop in McGinley Square, Jersey City. Our staff is passionate about the a",,https://www.facebook.com/HudsonFlorist/,https://www.instagram.com/hudsonflorist/,C:\Users\aadik\Downloads\site-builder\leads\photos\hudson-florist-741-bergen-ave-a-je\hero.jpg,https://www.google.com/maps/place/Hudson+Florist/data=!4m7!3m6!1s0x89c250d3bce5c127:0x1647553bb01fab0d!8m2!3d40.7250602!4d-74.0687559!16s%2Fg%2F1tdq_mll!19sChIJJ8HlvNNQwokRDasfsDtVRxY,Outdated -- Wayback last seen: 2008,88,C:\Users\aadik\Downloads\site-builder\leads\photos\hudson-florist-741-bergen-ave-a-je
BIZ_011,Brennan's Florist,Florist,"Jersey City, NJ","222 Newark Ave, Jersey City, NJ 07302",+12018760580,weddings@brennansflorist.net,4.6,79,,Thursday: 9 AM–5 PM | Friday(Juneteenth): 9 AM–5 PM Hours might differ | Saturday: 9 AM–4 PM | Sunday: Closed | Monday: 9 AM–5 PM | Tuesday: 9 AM–5 PM | Wednesday: 9 AM–5 PM,"connection_quality, latency_level, is_ad, content_category","Brennan's Florist, Jersey City. 754 likes · 13 talking about this · 229 were here. Brennan’s Florist is a family owned florist located in the historic downtown section of Jersey Cit",,https://www.facebook.com/BrennansFlorist/,https://www.instagram.com/brennansflorist/,C:\Users\aadik\Downloads\site-builder\leads\photos\brennan-s-florist-222-newark-ave-jers\hero.jpg,https://www.google.com/maps/place/Brennan%27s+Florist/data=!4m7!3m6!1s0x89c250b378978fcf:0xa2ad09685a0535b0!8m2!3d40.7223033!4d-74.04714!16s%2Fg%2F1w6r95rp!19sChIJz4-XeLNQwokRsDUFWmgJraI,Outdated -- Wayback last seen: 2001,88,C:\Users\aadik\Downloads\site-builder\leads\photos\brennan-s-florist-222-newark-ave-jers
BIZ_012,Nelson's Construction LLC,General contractor,"Jersey City, NJ","44 Stevens Ave, Jersey City, NJ 07305",+12013448642,nelsonconstructionllc@gmail.com,4.3,6,,Thursday: Open 24 hours | Friday(Juneteenth): Open 24 hours Hours might differ | Saturday: Open 24 hours | Sunday: Open 24 hours | Monday: Open 24 hours | Tuesday: Open 24 hours | Wednesday: Open 24 hours,"connection_quality, latency_level, is_ad, content_category","Nelsons Construction llc, Jersey City. 213 likes. We do full Bathroom and kitchen renovation.Plumbing Painting, Window, Floor sidewalk, deck, ceramic,drop ceiling and roof flat and shingles.",,https://www.facebook.com/nelsonsconstructionllc/,,C:\Users\aadik\Downloads\site-builder\leads\photos\nelson-s-construction-llc-44-stevens-ave-jers\hero.jpg,https://www.google.com/maps/place/Nelson%27s+Construction+LLC/data=!4m7!3m6!1s0x89c251b2bfb70b4d:0x6f5d92255ef2428!8m2!3d40.700549!4d-74.086284!16s%2Fg%2F11gjw9108v!19sChIJTQu3v7JRwokRKCTvVSLZ9QY,No website,85,C:\Users\aadik\Downloads\site-builder\leads\photos\nelson-s-construction-llc-44-stevens-ave-jers
BIZ_013,A Budget Sewer & Drain Cleaning,Plumber,"Jersey City, NJ","Jersey City, NJ 07305",+12013326400,curtismayo@comcast.net,5.0,6,,Thursday: Open 24 hours | Friday(Juneteenth): Open 24 hours Hours might differ | Saturday: Open 24 hours | Sunday: Open 24 hours | Monday: Open 24 hours | Tuesday: Open 24 hours | Wednesday: Open 24 hours,"connection_quality, latency_level, is_ad, content_category","A Budget Sewer & Drain Cleaning, East Orange. 263 likes · 1 was here. A Budget Sewer & Drain Cleaning  provides efficient & affordable service for sewer and drain cleaning.  Fully Insured & Available...",,https://www.facebook.com/ABudgetSewerandDraining/,,C:\Users\aadik\Downloads\site-builder\leads\photos\a-budget-sewer-drain-cleaning-jersey-city-nj-0730\hero.jpg,https://www.google.com/maps/place/A+Budget+Sewer+%26+Drain+Cleaning/data=!4m7!3m6!1s0x89c2510fffffffff:0xff4e252fd225a59f!8m2!3d40.7008341!4d-74.0887303!16s%2Fg%2F1thhlf5l!19sChIJ_____w9RwokRn6Ul0i8lTv8,No website,85,C:\Users\aadik\Downloads\site-builder\leads\photos\a-budget-sewer-drain-cleaning-jersey-city-nj-0730
BIZ_014,Anaya beauty salon,Hair salon,"South Amboy, NJ","483 State St, Perth Amboy, NJ 08861",+17327625577,,4.2,5,,,,,,,,C:\Users\aadik\Downloads\site-builder\leads\photos\anaya-beauty-salon-483-state-st-perth\hero.jpg,https://www.google.com/maps/place/Anaya+beauty+salon/data=!4m7!3m6!1s0x89c3cbc7a95fbbb3:0x1de3c6495f2b89b1!8m2!3d40.5153019!4d-74.2647497!16s%2Fg%2F11jcgpd24s!19sChIJs7tfqcfLw4kRsYkrX0nG4x0,No website,73,C:\Users\aadik\Downloads\site-builder\leads\photos\anaya-beauty-salon-483-state-st-perth
BIZ_015,Precise Mobile Notaries & Signing Service NJ,Notary public,"South Amboy, NJ",,+17326219002,preciseloansignings@gmail.com,5.0,34,,Thursday: Open 24 hours | Friday: Open 24 hours | Saturday: Open 24 hours | Sunday: Open 24 hours | Monday: Open 24 hours | Tuesday: Open 24 hours | Wednesday: Open 24 hours,"connection_quality, latency_level, is_ad, content_category","Precision Mobile Notary Signing Agents, Pine Hill. 473 likes. Mobile Notary and Signing Agents specializing in:

Affidavits
Powers of attorney
Loan Documents
Contracts and financial agreements...",,https://www.facebook.com/precisionnotarynj/,,C:\Users\aadik\Downloads\site-builder\leads\photos\precise-mobile-notaries-signing-service-nj\hero.jpg,https://www.google.com/maps/place/Precise+Mobile+Notaries+%26+Signing+Service+NJ/data=!4m7!3m6!1s0x89c3b56f96a68257:0x127c54fd860dd6c!8m2!3d40.551691!4d-74.3336475!16s%2Fg%2F11j4y00ky0!19sChIJV4Kmlm-1w4kRbN1g2E_FJwE,No website,85,C:\Users\aadik\Downloads\site-builder\leads\photos\precise-mobile-notaries-signing-service-nj
BIZ_016,Aldo Plumbing & Sewer,Plumber,"South Amboy, NJ",,+17329210306,,5.0,47,,Thursday: 7 AM–10:30 PM | Friday: 7 AM–10:30 PM | Saturday: 7 AM–10:30 PM | Sunday: 7 AM–10:30 PM | Monday: 7 AM–10:30 PM | Tuesday: 7 AM–10:30 PM | Wednesday: 7:30 AM–10:30 PM,"connection_quality, latency_level, is_ad, content_category",Aldo Perez. 693 likes · 11 talking about this. Plumber,,https://www.facebook.com/przaldo/,,C:\Users\aadik\Downloads\site-builder\leads\photos\aldo-plumbing-sewer\hero.jpg,https://www.google.com/maps/place/Aldo+Plumbing+%26+Sewer/data=!4m7!3m6!1s0xacab4cb21d325235:0x133ada421435cda!8m2!3d40.4299025!4d-74.4171634!16s%2Fg%2F11yvb2pm0d!19sChIJNVIyHbJMq6wR2lxDIaStMwE,No website,73,C:\Users\aadik\Downloads\site-builder\leads\photos\aldo-plumbing-sewer
BIZ_017,Bright Electrical,Electrician,"Jersey City, NJ",,+12014439900,,5.0,25,,Thursday: 7:30 AM–3:30 PM | Friday: 7:30 AM–3:30 AM | Saturday: Closed | Sunday: Open 24 hours | Monday: 7:30 AM–3:30 PM | Tuesday: 7:30 AM–12 AM | Wednesday: 7:30 AM–3:30 PM,,See Instagram photos and videos from Sammy Atshan (@bergen_bright_electric_),,,https://www.instagram.com/bergen_bright_electric_/,C:\Users\aadik\Downloads\site-builder\leads\photos\bright-electrical\hero.jpg,https://www.google.com/maps/place/Bright+Electrical/data=!4m7!3m6!1s0x89c25206cc9442f3:0xf929c6c48b83fe68!8m2!3d40.073132!4d-74.5223276!16s%2Fg%2F11b5ynmdyq!19sChIJ80KUzAZSwokRaP6Di8TGKfk,No website,71,C:\Users\aadik\Downloads\site-builder\leads\photos\bright-electrical
BIZ_018,U N I C O LANDSCAPING LLC,Landscaper,"Jersey City, NJ","1211 14th St, North Bergen, NJ 07047",+12016733189,,4.0,8,,,,See Instagram photos and videos from U  N  I  C  O  LANDSCAPING LLC (@unicolandscaping),,,https://www.instagram.com/unicolandscaping/,C:\Users\aadik\Downloads\site-builder\leads\photos\u-n-i-c-o-landscaping-llc-1211-14th-st-north\hero.jpg,https://www.google.com/maps/place/U+N+I+C+O+LANDSCAPING+LLC/data=!4m7!3m6!1s0x89c258244036ffff:0xd6f7816f0056f152!8m2!3d40.7632716!4d-74.0433417!16s%2Fg%2F11ggr6pw6z!19sChIJ__82QCRYwokRUvFWAG-B99Y,No website,71,C:\Users\aadik\Downloads\site-builder\leads\photos\u-n-i-c-o-landscaping-llc-1211-14th-st-north
BIZ_019,Reema Jewelers,Jeweler,"Jersey City, NJ","830 Newark Ave, Jersey City, NJ 07306",+12016535500,jdoe@jerseycitynj.gov,4.1,28,,Thursday: 12–7:30 PM | Friday(Juneteenth): 12–7:30 PM Hours might differ | Saturday: 12–7:30 PM | Sunday: 11 AM–7:30 PM | Monday: Closed | Tuesday: 12–7:30 PM | Wednesday: 12–7:30 PM,,See Instagram photos and videos from HudPost (@hudpost),,,https://www.instagram.com/hudpost/,C:\Users\aadik\Downloads\site-builder\leads\photos\reema-jewelers-830-newark-ave-jers\hero.jpg,https://www.google.com/maps/place/Reema+Jewelers/data=!4m7!3m6!1s0x89c2572fc3dcd38b:0x35b1a8b3be37cd4b!8m2!3d40.7358499!4d-74.0662876!16s%2Fg%2F1vxzbjr5!19sChIJi9Pcwy9XwokRS803vrOosTU,No website,83,C:\Users\aadik\Downloads\site-builder\leads\photos\reema-jewelers-830-newark-ave-jers
BIZ_020,AlphaMinds Russian School,Language school,"Jersey City, NJ","225 Morris Blvd Ground Floor, Jersey City, NJ 07302",+12018448535,info@alphamindsacademy.com,5.0,51,,Thursday: 10 AM–6 PM | Friday(Juneteenth): 10 AM–6 PM Hours might differ | Saturday: 8:30 AM–3 PM | Sunday: Closed | Monday: 10 AM–6 PM | Tuesday: 10 AM–6 PM | Wednesday: 10 AM–6 PM,"connection_quality, latency_level, is_ad, content_category","Alpha Minds Russian School, Jersey City. 231 likes · 14 talking about this · 164 were here. AlphaMinds Russian School is a Russian Immersion Program for children 1-14 years old.",2019,https://www.facebook.com/RussianSchoolJerseyCity/,https://www.instagram.com/alphamindsacademy/,C:\Users\aadik\Downloads\site-builder\leads\photos\alphaminds-russian-school-225-morris-blvd-grou\hero.jpg,https://www.google.com/maps/place/AlphaMinds+Russian+School/data=!4m7!3m6!1s0x89c2514fc93e4f17:0xf01aa0704d8a34da!8m2!3d40.7142812!4d-74.0439999!16s%2Fg%2F11v1370s2c!19sChIJF08-yU9RwokR2jSKTXCgGvA,Outdated -- Wayback last seen: 2014,83,C:\Users\aadik\Downloads\site-builder\leads\photos\alphaminds-russian-school-225-morris-blvd-grou
BIZ_021,West Side Brokerage,Tax preparation service,"Jersey City, NJ","1027 West Side Ave, Jersey City, NJ 07306",+12014510500,,4.9,74,,Thursday: 8:30 AM–4:30 PM | Friday(Juneteenth): 8:30 AM–4:30 PM Hours might differ | Saturday: Closed | Sunday: Closed | Monday: 8:30 AM–4:30 PM | Tuesday: 8:30 AM–4:30 PM | Wednesday: 8:30 AM–4:30 PM,,"See Instagram photos and videos from BRE Group l Real Broker, LLC (@bregroupnj)",,,https://www.instagram.com/bregroupnj/,C:\Users\aadik\Downloads\site-builder\leads\photos\west-side-brokerage-1027-west-side-ave\hero.jpg,https://www.google.com/maps/place/West+Side+Brokerage/data=!4m7!3m6!1s0x89c2572934505587:0xdaea6e20a75575f2!8m2!3d40.7345634!4d-74.0714021!16s%2Fg%2F1tj9cxnz!19sChIJh1VQNClXwokR8nVVpyBu6to,No website,71,C:\Users\aadik\Downloads\site-builder\leads\photos\west-side-brokerage-1027-west-side-ave
BIZ_022,Madden Nicole Dry Cleaners and Professional Tailoring,Dry cleaner,"Jersey City, NJ","840 Broadway, Bayonne, NJ 07002",+12013390536,,4.3,92,,Thursday: 9 AM–7 PM | Friday(Juneteenth): 9 AM–7 PM Hours might differ | Saturday: 9 AM–3 PM | Sunday: Closed | Monday: Closed | Tuesday: 9 AM–7 PM | Wednesday: 9 AM–7 PM,,See Instagram photos and videos from Stephanie Nicole (@sf_stef),,,https://www.instagram.com/sf_stef/,C:\Users\aadik\Downloads\site-builder\leads\photos\madden-nicole-dry-cleaners-and-professional-tailoring-840-br\hero.jpg,https://www.google.com/maps/place/Madden+Nicole+Dry+Cleaners+and+Professional+Tailoring/data=!4m7!3m6!1s0x89c251930ce3fdcf:0x4008203b93543f44!8m2!3d40.675908!4d-74.1079561!16s%2Fg%2F11btmqkssw!19sChIJz_3jDJNRwokRRD9UkzsgCEA,No website,71,C:\Users\aadik\Downloads\site-builder\leads\photos\madden-nicole-dry-cleaners-and-professional-tailoring-840-br
BIZ_023,"Burlew Mechanical, LLC",Plumber,"South Amboy, NJ","Munck Professional Building, 110 Main St, South Amboy, NJ 08879",+17322171571,,5.0,6,,Thursday: 7 AM–9 PM | Friday(Juneteenth): 7 AM–9 PM Hours might differ | Saturday: 9 AM–5 PM | Sunday: 9 AM–5 PM | Monday: 7 AM–9 PM | Tuesday: 7 AM–9 PM | Wednesday: 7 AM–9 PM,,See Instagram photos and videos from Sweet Briar College (@sweetbriaredu),,,https://www.instagram.com/sweetbriaredu/,C:\Users\aadik\Downloads\site-builder\leads\photos\burlew-mechanical-llc-munck-professional-b\hero.jpg,"https://www.google.com/maps/place/Burlew+Mechanical,+LLC/data=!4m7!3m6!1s0x89c234a50869baab:0x5d9671e9f6f1f3ec!8m2!3d40.4912165!4d-74.2883994!16s%2Fg%2F1hc5fpq1w!19sChIJq7ppCKU0wokR7PPx9ulxll0",No website,71,C:\Users\aadik\Downloads\site-builder\leads\photos\burlew-mechanical-llc-munck-professional-b
BIZ_024,SDjewelry,Jeweler,"South Amboy, NJ","257 Madison Ave, Perth Amboy, NJ 08861",+17326424365,,4.3,15,,Thursday: 11 AM–7 PM | Friday(Juneteenth): 11 AM–7 PM Hours might differ | Saturday: 11 AM–7 PM | Sunday: 11 AM–5 PM | Monday: 11 AM–7 PM | Tuesday: 11 AM–7 PM | Wednesday: 11 AM–7 PM,,See Instagram photos and videos from SD JEWELRY (@sdjewelrynj),,,https://www.instagram.com/sdjewelrynj/,C:\Users\aadik\Downloads\site-builder\leads\photos\sdjewelry-257-madison-ave-per\hero.jpg,https://www.google.com/maps/place/SDjewelry/data=!4m7!3m6!1s0x89c3cbb74cda7db7:0xe0ecbc9b5781b9d1!8m2!3d40.5080167!4d-74.2709572!16s%2Fg%2F11jzz61q92!19sChIJt33aTLfLw4kR0bmBV5u87OA,No website,71,C:\Users\aadik\Downloads\site-builder\leads\photos\sdjewelry-257-madison-ave-per
BIZ_025,Felix Medina Racing,Auto tune up service,"South Amboy, NJ","100 Main St Unit H, South Amboy, NJ 08879",+17323137953,,4.5,8,,Thursday: 8 AM–6 PM | Friday(Juneteenth): 8 AM–6 PM Hours might differ | Saturday: 10 AM–5 PM | Sunday: Closed | Monday: 8 AM–6 PM | Tuesday: 8 AM–6 PM | Wednesday: 8 AM–6 PM,,See Instagram photos and videos from Felix medina (@felixtuned),,,https://www.instagram.com/felixtuned/,C:\Users\aadik\Downloads\site-builder\leads\photos\felix-medina-racing-100-main-st-unit-h\hero.jpg,https://www.google.com/maps/place/Felix+Medina+Racing/data=!4m7!3m6!1s0x89c3cb2fda163465:0x12dbe26e7971ea36!8m2!3d40.4920125!4d-74.2899707!16s%2Fg%2F11ll8gfl3p!19sChIJZTQW2i_Lw4kRNupxeW7i2xI,No website,71,C:\Users\aadik\Downloads\site-builder\leads\photos\felix-medina-racing-100-main-st-unit-h
BIZ_026,Valdez Auto Repair,Auto repair shop,"South Amboy, NJ","274 Washington St, Perth Amboy, NJ 08861",+17322930021,,4.5,17,,Thursday: 9 AM–6:30 PM | Friday(Juneteenth): 9 AM–6:30 PM Hours might differ | Saturday: 9 AM–4 PM | Sunday: Closed | Monday: 9 AM–6:30 PM | Tuesday: 9 AM–6:30 PM | Wednesday: 9 AM–6:30 PM,,See Instagram photos and videos from Peter Valdes-Dapena (@petervdap),,,https://www.instagram.com/petervdap/,C:\Users\aadik\Downloads\site-builder\leads\photos\valdez-auto-repair-274-washington-st-p\hero.jpg,https://www.google.com/maps/place/Valdez+Auto+Repair/data=!4m7!3m6!1s0x89c3ca7922801963:0xe56a17df39ebd69f!8m2!3d40.5155785!4d-74.2720574!16s%2Fg%2F1tdn9mb3!19sChIJYxmAInnKw4kRn9brOd8XauU,No website,71,C:\Users\aadik\Downloads\site-builder\leads\photos\valdez-auto-repair-274-washington-st-p
BIZ_027,Gomez Expert Tailoring,Tailor,"South Amboy, NJ","278 Madison Ave, Perth Amboy, NJ 08861",+17323242696,,4.0,45,,Thursday: 9:30 AM–7 PM | Friday(Juneteenth): 9:30 AM–7 PM Hours might differ | Saturday: 9:30 AM–7 PM | Sunday: Closed | Monday: 9:30 AM–7 PM | Tuesday: 9:30 AM–7 PM | Wednesday: 9:30 AM–7 PM,,See Instagram photos and videos from NYU Gallatin (@nyugallatin),,,https://www.instagram.com/nyugallatin/,C:\Users\aadik\Downloads\site-builder\leads\photos\gomez-expert-tailoring-278-madison-ave-per\hero.jpg,https://www.google.com/maps/place/Gomez+Expert+Tailoring/data=!4m7!3m6!1s0x89c3ca7cac00b3af:0x4d9c6d4a435494d5!8m2!3d40.5085578!4d-74.2702971!16s%2Fg%2F1trsyz5q!19sChIJr7MArHzKw4kR1ZRUQ0ptnE0,No website,71,C:\Users\aadik\Downloads\site-builder\leads\photos\gomez-expert-tailoring-278-madison-ave-per
BIZ_028,Gonzalez Multiservices NJ,Notary public,"South Amboy, NJ","210 Hall Ave, Perth Amboy, NJ 08861",+18483330857,gonzalezmultiserviceagency@gmail.com,5.0,62,,Thursday: 9 AM–5 PM | Friday(Juneteenth): 9 AM–5 PM Hours might differ | Saturday: 10 AM–5 PM | Sunday: Closed | Monday: 9 AM–5 PM | Tuesday: 9 AM–5 PM | Wednesday: 9 AM–5 PM,,See Instagram photos and videos from Brooklyn Arts Council (@bkartscouncil),,,https://www.instagram.com/bkartscouncil/,C:\Users\aadik\Downloads\site-builder\leads\photos\gonzalez-multiservices-nj-210-hall-ave-perth\hero.jpg,https://www.google.com/maps/place/Gonzalez+Multiservices+NJ/data=!4m7!3m6!1s0x89c3b5f446d6fa3b:0xd83988ea27a35e8e!8m2!3d40.5197014!4d-74.2665458!16s%2Fg%2F11sq5cjx78!19sChIJO_rWRvS1w4kRjl6jJ-qIOdg,No website,83,C:\Users\aadik\Downloads\site-builder\leads\photos\gonzalez-multiservices-nj-210-hall-ave-perth
BIZ_029,ASAP Cleaning Services,House cleaning service,"South Amboy, NJ",,+17326883050,,5.0,5,,Thursday: 7 AM–5 PM | Friday: 7 AM–5 PM | Saturday: 7 AM–5 PM | Sunday: Closed | Monday: 7 AM–5 PM | Tuesday: 7 AM–5 PM | Wednesday: 7 AM–5 PM,,See Instagram photos and videos from ASAP Home Cleaning (@asaphomecleaning),,,https://www.instagram.com/asaphomecleaning/,C:\Users\aadik\Downloads\site-builder\leads\photos\asap-cleaning-services\hero.jpg,https://www.google.com/maps/place/ASAP+Cleaning+Services/data=!4m7!3m6!1s0x89c3cb6a4dbeb7e7:0xb244194bacb97051!8m2!3d40.5609771!4d-74.2373455!16s%2Fg%2F11kczt_nkc!19sChIJ57e-TWrLw4kRUXC5rEsZRLI,No website,71,C:\Users\aadik\Downloads\site-builder\leads\photos\asap-cleaning-services
BIZ_030,New Zion Nail & Spa,Nail salon,"Jersey City, NJ","168 Newark Ave, Jersey City, NJ 07302",+12015362075,,4.0,144,,Thursday: 9:30 AM–7:30 PM | Friday(Juneteenth): 9:30 AM–7:30 PM Hours might differ | Saturday: 9:30 AM–7 PM | Sunday: 10 AM–6 PM | Monday: 9:30 AM–7:30 PM | Tuesday: 9:30 AM–7:30 PM | Wednesday: 9:30 AM–7:30 PM,,See Instagram photos and videos from New Zion Nail & Spa (@newzionnailspa),,,https://www.instagram.com/newzionnailspa/,C:\Users\aadik\Downloads\site-builder\leads\photos\new-zion-nail-spa-168-newark-ave-jers\hero.jpg,https://www.google.com/maps/place/New+Zion+Nail+%26+Spa/data=!4m7!3m6!1s0x89c250b3b2cb6697:0x89776146492c9dd4!8m2!3d40.7212301!4d-74.0448365!16s%2Fg%2F1v76_k_7!19sChIJl2bLsrNQwokR1J0sSUZhd4k,No website,69,C:\Users\aadik\Downloads\site-builder\leads\photos\new-zion-nail-spa-168-newark-ave-jers
BIZ_031,Learning Center,Day care center,"Jersey City, NJ","104 Martin Luther King Dr, Jersey City, NJ 07305",+12013602069,jerseycity.nj@sylvanlearning.com,5.0,1,,,"connection_quality, latency_level, is_ad, content_category","Riverside Early Learning Center, Jersey City. 266 likes · 95 were here. We have wonderful Christian school located in downtown Jersey City. Come in for a tour!!",,https://www.facebook.com/riversideelc/,https://www.instagram.com/kidzinnjc/,C:\Users\aadik\Downloads\site-builder\leads\photos\learning-center-104-martin-luther-ki\hero.jpg,https://www.google.com/maps/place/Learning+Center/data=!4m7!3m6!1s0x89c2511a665b55e5:0x43d166a981e7ef7f!8m2!3d40.7036021!4d-74.0874781!16s%2Fg%2F1tdlw5dc!19sChIJ5VVbZhpRwokRf-_ngalm0UM,No website,81,C:\Users\aadik\Downloads\site-builder\leads\photos\learning-center-104-martin-luther-ki
BIZ_032,Just In Time Mobile Notary Service,Notary public,"Jersey City, NJ",,+12013600559,lauram@ubiquitousmn.com,5.0,3,,Thursday: 9 AM–5 PM | Friday: 9 AM–5 PM | Saturday: Closed | Sunday: Closed | Monday: 9 AM–5 PM | Tuesday: 9 AM–5 PM | Wednesday: 9 AM–5 PM,"connection_quality, latency_level, is_ad, content_category","Ubiquitous Mobile Notary LLC, Jersey City. 270 likes · 3 talking about this. Loan Signing Agent Dual Commissioned Hudson County Richmond County NY RON & IPEN Certified NJ",,https://www.facebook.com/UbiquitousMobileNotary/,https://www.instagram.com/mobilenotarypublicservicesllc/,C:\Users\aadik\Downloads\site-builder\leads\photos\just-in-time-mobile-notary-service\hero.jpg,https://www.google.com/maps/place/Just+In+Time+Mobile+Notary+Service/data=!4m7!3m6!1s0xe488ea2e1730359:0x59b1a6d36a9fa8c1!8m2!3d40.7153106!4d-74.068848!16s%2Fg%2F11t2xdb3sf!19sChIJWQNz4aKOSA4RwaifatOmsVk,No website,81,C:\Users\aadik\Downloads\site-builder\leads\photos\just-in-time-mobile-notary-service
BIZ_033,V J Laundromat & Dry Cleaning,Laundromat,"Jersey City, NJ","127 Mallory Ave, Jersey City, NJ 07304",+12014515079,anthony@gotlaundry.net,3.0,50,,Thursday: 7 AM–8 PM | Friday(Juneteenth): 7 AM–8 PM Hours might differ | Saturday: 6 AM–8 PM | Sunday: 6 AM–8 PM | Monday: 7 AM–8 PM | Tuesday: 7 AM–8 PM | Wednesday: 7 AM–8 PM,"connection_quality, latency_level, is_ad, content_category","VJAG Laundry & Dry Cleaners, Hicksville. 362 likes · 2 talking about this · 59 were here. VJAG Laundry and Dry Cleaner Voted #1 On Long Island  Full Service Laundry and Dry Cleaning service with FREE...",,https://www.facebook.com/vjagLaundry/,,C:\Users\aadik\Downloads\site-builder\leads\photos\v-j-laundromat-dry-cleaning-127-mallory-ave-jer\hero.jpg,https://www.google.com/maps/place/V+J+Laundromat+%26+Dry+Cleaning/data=!4m7!3m6!1s0x89c2513ad3ae1491:0xcc95220ab6c6533d!8m2!3d40.7186499!4d-74.0891418!16s%2Fg%2F1tf43wdv!19sChIJkRSu0zpRwokRPVPGtgoilcw,No website,81,C:\Users\aadik\Downloads\site-builder\leads\photos\v-j-laundromat-dry-cleaning-127-mallory-ave-jer
BIZ_034,P J'S Deli P J'S Deli,Deli,"Jersey City, NJ","91 Logan Ave, Jersey City, NJ 07306",+12013331192,,3.4,38,,Thursday: 8 AM–8 PM | Friday(Juneteenth): 8 AM–8 PM Hours might differ | Saturday: 8 AM–8 PM | Sunday: 9 AM–6 PM | Monday: 8 AM–8 PM | Tuesday: 8 AM–8 PM | Wednesday: 8 AM–8 PM,,,,,,C:\Users\aadik\Downloads\site-builder\leads\photos\p-j-s-deli-p-j-s-deli-91-logan-ave-jersey\hero.jpg,https://www.google.com/maps/place/P+J%27S+Deli+P+J%27S+Deli/data=!4m7!3m6!1s0x89c25729f9ba8007:0x8c645660f03d2367!8m2!3d40.7339439!4d-74.076205!16s%2Fg%2F12xpskd3r!19sChIJB4C6-SlXwokRZyM98GBWZIw,No website,69,C:\Users\aadik\Downloads\site-builder\leads\photos\p-j-s-deli-p-j-s-deli-91-logan-ave-jersey
BIZ_035,Perth Amboy Physical Therapy,Physical therapist,"South Amboy, NJ","600 State St, Perth Amboy, NJ 08861",+17323247800,alamedacenter12@gmail.com,5.0,4,,Thursday: 10:30 AM–6 PM | Friday(Juneteenth): 9 AM–1 PM Hours might differ | Saturday: 9–11 AM | Sunday: Closed | Monday: 9 AM–1 PM | Tuesday: 2:30–6 PM | Wednesday: 9 AM–1 PM,"connection_quality, latency_level, is_ad, content_category","Alameda Center for Rehabilitation & Healthcare, Perth Amboy. 551 likes · 4 talking about this · 4 were here. Alameda Center for Rehabilitation & Healthcare is a 250-bed subacute rehabilitation and...",,https://www.facebook.com/alamedacenter/,https://www.instagram.com/logos_physical_therapy/,C:\Users\aadik\Downloads\site-builder\leads\photos\perth-amboy-physical-therapy-600-state-st-perth\hero.jpg,https://www.google.com/maps/place/Perth+Amboy+Physical+Therapy/data=!4m7!3m6!1s0x89c3b57ff3187c47:0x5a23927811da619b!8m2!3d40.5188876!4d-74.2640286!16s%2Fg%2F1tdn9m8f!19sChIJR3wY83-1w4kRm2HaEXiSI1o,No website,81,C:\Users\aadik\Downloads\site-builder\leads\photos\perth-amboy-physical-therapy-600-state-st-perth
BIZ_036,Pikalonga Cafe,Cafe,"South Amboy, NJ","333 Madison Ave, Perth Amboy, NJ 08861",+17323246314,,3.9,72,,Thursday: 11 AM–12 AM | Friday(Juneteenth): 10 AM–2 AM Hours might differ | Saturday: 10 AM–2 AM | Sunday: 2 PM–3 AM | Monday: 11 AM–12 AM | Tuesday: 11 AM–12 AM | Wednesday: 11 AM–12 AM,,,,,,C:\Users\aadik\Downloads\site-builder\leads\photos\pikalonga-cafe-333-madison-ave-per\hero.jpg,https://www.google.com/maps/place/Pikalonga+Cafe/data=!4m7!3m6!1s0x89c3ca7c89631465:0xcd2004f76610311a!8m2!3d40.5104677!4d-74.2696889!16s%2Fg%2F11gxjst1wg!19sChIJZRRjiXzKw4kRGjEQZvcEIM0,No website,69,C:\Users\aadik\Downloads\site-builder\leads\photos\pikalonga-cafe-333-madison-ave-per
BIZ_037,Lombard E M,Accountant,"Jersey City, NJ","116 Mallory Ave, Jersey City, NJ 07304",+12014358477,,4.3,6,,,,,2006,,,C:\Users\aadik\Downloads\site-builder\leads\photos\lombard-e-m-116-mallory-ave-jer\hero.jpg,https://www.google.com/maps/place/Lombard+E+M/data=!4m7!3m6!1s0x89c2513b2830a7cb:0x1059e7e91b63c734!8m2!3d40.7181179!4d-74.089117!16s%2Fg%2F1tx4q80f!19sChIJy6cwKDtRwokRNMdjG-nnWRA,No website,68,C:\Users\aadik\Downloads\site-builder\leads\photos\lombard-e-m-116-mallory-ave-jer
BIZ_038,Best Dry Cleaners,Dry cleaner,"Jersey City, NJ","167 4th St, Hoboken, NJ 07030",+12014207868,,3.9,20,,Thursday: 7 AM–6 PM | Friday(Juneteenth): 7 AM–6 PM Hours might differ | Saturday: 8 AM–4 PM | Sunday: Closed | Monday: 7 AM–6 PM | Tuesday: 7 AM–6 PM | Wednesday: 7 AM–6 PM,,See Instagram photos and videos from Magomed Aliyev (@primetimecleaners),,,https://www.instagram.com/primetimecleaners/,C:\Users\aadik\Downloads\site-builder\leads\photos\best-dry-cleaners-167-4th-st-hoboken\hero.jpg,https://www.google.com/maps/place/Best+Dry+Cleaners/data=!4m7!3m6!1s0x89c2575fe8e6dabf:0xc553b7218d46cd12!8m2!3d40.7414397!4d-74.0313254!16s%2Fg%2F1tj4hzbk!19sChIJv9rm6F9XwokREs1GjSG3U8U,No website,67,C:\Users\aadik\Downloads\site-builder\leads\photos\best-dry-cleaners-167-4th-st-hoboken
BIZ_039,Ruby's Jeweler,Jeweler,"South Amboy, NJ","171 Smith St, Perth Amboy, NJ 08861",+17324423080,,3.7,29,,Thursday: 10 AM–7 PM | Friday(Juneteenth): 10 AM–7 PM Hours might differ | Saturday: 10 AM–7 PM | Sunday: 11 AM–6 PM | Monday: 10 AM–7 PM | Tuesday: 10 AM–7 PM | Wednesday: 10 AM–7 PM,,See Instagram photos and videos from Gemberry (@thegemberry),,,https://www.instagram.com/thegemberry/,C:\Users\aadik\Downloads\site-builder\leads\photos\ruby-s-jeweler-171-smith-st-perth\hero.jpg,https://www.google.com/maps/place/Ruby%27s+Jeweler/data=!4m7!3m6!1s0x89c3ca7ca30b4cfd:0x638f21414d790e11!8m2!3d40.509107!4d-74.2700314!16s%2Fg%2F1tqtytnk!19sChIJ_UwLo3zKw4kREQ55TUEhj2M,No website,67,C:\Users\aadik\Downloads\site-builder\leads\photos\ruby-s-jeweler-171-smith-st-perth
BIZ_040,Minerva Dry Cleaners,Dry cleaner,"South Amboy, NJ","219 Smith St, Perth Amboy, NJ 08861",+17328260040,,3.8,39,,Thursday: 9:30 AM–6 PM | Friday(Juneteenth): 9:30 AM–6 PM Hours might differ | Saturday: 10 AM–6 PM | Sunday: Closed | Monday: 9:30 AM–6 PM | Tuesday: 9:30 AM–6 PM | Wednesday: 9:30 AM–6 PM,,See Instagram photos and videos from Weitzman School (@weitzman_school),,,https://www.instagram.com/weitzman_school/,C:\Users\aadik\Downloads\site-builder\leads\photos\minerva-dry-cleaners-219-smith-st-perth\hero.jpg,https://www.google.com/maps/place/Minerva+Dry+Cleaners/data=!4m7!3m6!1s0x89c3ca7b15a20cc7:0xf7de1cbeb2858d7a!8m2!3d40.5095991!4d-74.2723483!16s%2Fg%2F1tdbgck1!19sChIJxwyiFXvKw4kReo2Fsr4c3vc,No website,67,C:\Users\aadik\Downloads\site-builder\leads\photos\minerva-dry-cleaners-219-smith-st-perth
BIZ_041,The Therapy Center,Chiropractor,"South Amboy, NJ","763 Convery Blvd, Perth Amboy, NJ 08861",+17324421170,gabriel@myhorizonswellness.com,4.7,14,,Thursday: 10 AM–1 PM | Friday(Juneteenth): 10 AM–5 PM Hours might differ | Saturday: 9 AM–12 PM | Sunday: Closed | Monday: 10 AM–6 PM | Tuesday: 10 AM–1 PM | Wednesday: 10 AM–6 PM,"connection_quality, latency_level, is_ad, content_category","New Horizons Wellness, South Amboy. 287 likes · 13 talking about this · 183 were here. At New Horizons Wellness, we believe every individual deserves the opportunity to grow, heal, and thrive.  Our...",,https://www.facebook.com/618213821381554/,https://www.instagram.com/wellbeingtherapy/,C:\Users\aadik\Downloads\site-builder\leads\photos\the-therapy-center-763-convery-blvd-pe\hero.jpg,https://www.google.com/maps/place/The+Therapy+Center/data=!4m7!3m6!1s0x89c3b58e5a56918b:0x19ffd82d003ac977!8m2!3d40.5274402!4d-74.2805952!16s%2Fg%2F1tfjrn9d!19sChIJi5FWWo61w4kRd8k6AC3Y_xk,Outdated -- Wayback last seen: 2016,78,C:\Users\aadik\Downloads\site-builder\leads\photos\the-therapy-center-763-convery-blvd-pe
BIZ_042,FADED WORLD BARBERSHOP,Barber shop,"South Amboy, NJ","319 NJ-35 Ste 104, Cliffwood, NJ 07721",+17323140120,fadedworldbbs@gmail.com,4.9,68,,Thursday: 10 AM–6 PM | Friday(Juneteenth): 9 AM–7 PM Hours might differ | Saturday: 9 AM–5 PM | Sunday: Closed | Monday: 10 AM–6 PM | Tuesday: 10 AM–6 PM | Wednesday: 10 AM–6 PM,,See Instagram photos and videos from 𝐁𝐫𝐨𝐚𝐝𝐰𝐚𝐲'𝐬 𝐈𝐦𝐚𝐠𝐞 𝐁𝐚𝐫𝐛𝐞𝐫𝐬𝐡𝐨𝐩 (@broadways_imageshop),,,https://www.instagram.com/broadways_imageshop/,C:\Users\aadik\Downloads\site-builder\leads\photos\faded-world-barbershop-319-nj-35-ste-104-c\hero.jpg,https://www.google.com/maps/place/FADED+WORLD+BARBERSHOP/data=!4m7!3m6!1s0x89c3cb0eae9d65fd:0x2fcc10207c3a45e6!8m2!3d40.4382003!4d-74.2254041!16s%2Fg%2F11z0vcngvd!19sChIJ_WWdrg7Lw4kR5kU6fCAQzC8,Outdated -- Wayback last seen: 2014,78,C:\Users\aadik\Downloads\site-builder\leads\photos\faded-world-barbershop-319-nj-35-ste-104-c
BIZ_043,Amboy's Auto Repair,Auto repair shop,"South Amboy, NJ","511 Convery Blvd, Perth Amboy, NJ 08861",+17328268580,info@dndautobody.com,4.2,50,,,"connection_quality, latency_level, is_ad, content_category","DND Auto Body, South Amboy. 201 likes · 3 talking about this · 17 were here. DND Auto Body | South Amboy, NJ 🚗✨

Expert collision repair, paintwork, and custom auto services to get your car looking...",,https://www.facebook.com/dndautobodynj/,https://www.instagram.com/thrust_performance/,C:\Users\aadik\Downloads\site-builder\leads\photos\amboy-s-auto-repair-511-convery-blvd-pe\hero.jpg,https://www.google.com/maps/place/Amboy%27s+Auto+Repair/data=!4m7!3m6!1s0x89c3b58a019e0aaf:0xc65104b90e3a2cad!8m2!3d40.5202518!4d-74.2826493!16s%2Fg%2F1w04l115!19sChIJrwqeAYq1w4kRrSw6DrkEUcY,Outdated -- Wayback last seen: 2010,78,C:\Users\aadik\Downloads\site-builder\leads\photos\amboy-s-auto-repair-511-convery-blvd-pe
BIZ_044,Satori Academy of Martial Arts,Martial arts school,"South Amboy, NJ","1018 US-9, Parlin, NJ 08859",+17323136546,,5.0,92,,Thursday: 12–9 PM | Friday(Juneteenth): 12–9 PM Hours might differ | Saturday: 9 AM–3 PM | Sunday: Closed | Monday: 12–9 PM | Tuesday: 12–9 PM | Wednesday: 12–9 PM,,See Instagram photos and videos from Trinity UMC (@tumc_southamboy),,,https://www.instagram.com/tumc_southamboy/,C:\Users\aadik\Downloads\site-builder\leads\photos\satori-academy-of-martial-arts-1018-us-9-parlin-n\hero.jpg,https://www.google.com/maps/place/Satori+Academy+of+Martial+Arts/data=!4m7!3m6!1s0x89c3cbaebbaaf8b7:0xd861328017a0011f!8m2!3d40.4540018!4d-74.3002412!16s%2Fg%2F11nx26mf8h!19sChIJt_iqu67Lw4kRHwGgF4AyYdg,Outdated -- Wayback last seen: 2009,66,C:\Users\aadik\Downloads\site-builder\leads\photos\satori-academy-of-martial-arts-1018-us-9-parlin-n
BIZ_045,"Signature Select Painting & Contracting, LLC",Painting,"South Amboy, NJ",,+16316091979,signatureselectpainting@hotmail.com,5.0,13,,Thursday: 7 AM–9 PM | Friday: 7 AM–9 PM | Saturday: 8 AM–9 PM | Sunday: 9 AM–9 PM | Monday: 7 AM–9 PM | Tuesday: 7 AM–9 PM | Wednesday: 7 AM–9 PM,"connection_quality, latency_level, is_ad, content_category","Signature Select Painting, LLC, Rahway. 205 likes · 1 was here. interior/exterior paint, shingle/siding repair, drywall, spackle, plaster, tile, flooring, Everything",,https://www.facebook.com/signatureselectpainting/,https://www.instagram.com/signatureselectpainting/,C:\Users\aadik\Downloads\site-builder\leads\photos\signature-select-painting-contracting-llc\hero.jpg,"https://www.google.com/maps/place/Signature+Select+Painting+%26+Contracting,+LLC/data=!4m7!3m6!1s0x89c3b3d457591a83:0xb9982e2dbf18f496!8m2!3d40.6445111!4d-74.4544845!16s%2Fg%2F11j2p9ckmx!19sChIJgxpZV9Szw4kRlvQYvy0umLk",Outdated -- Wayback last seen: 1996,78,C:\Users\aadik\Downloads\site-builder\leads\photos\signature-select-painting-contracting-llc
BIZ_046,KINGDOM WEALTH TAX SERVICES,Tax preparation service,"Jersey City, NJ","2327 John F. Kennedy Blvd STE 2, Jersey City, NJ 07304",+12015897514,plaurvens12@gmail.com,3.7,3,,Thursday: 9 AM–8 PM | Friday(Juneteenth): 9 AM–5 PM Hours might differ | Saturday: Closed | Sunday: 10:30 AM–5:30 AM | Monday: 9 AM–8 PM | Tuesday: 9 AM–8 PM | Wednesday: 9 AM–8 PM,"connection_quality, latency_level, is_ad, content_category","Pierre Louis. 3,825 likes. Mw c laurvens pierre louis mw jis lage ti video m yo pou nou retire stress nan nou .. my new fb is vens joseph nd laurvens pierre louis",,https://www.facebook.com/Laurvens/,https://www.instagram.com/emmanueldumay/,C:\Users\aadik\Downloads\site-builder\leads\photos\kingdom-wealth-tax-services-2327-john-f-kennedy\hero.jpg,https://www.google.com/maps/place/KINGDOM+WEALTH+TAX+SERVICES/data=!4m7!3m6!1s0x89c25127b4513d21:0x2a880ea465a3199!8m2!3d40.7179454!4d-74.0797354!16s%2Fg%2F11fzwr3215!19sChIJIT1RtCdRwokRmTFaRuqAqAI,No website,77,C:\Users\aadik\Downloads\site-builder\leads\photos\kingdom-wealth-tax-services-2327-john-f-kennedy
BIZ_047,Handyman & Painter,Handyman/Handywoman/Handyperson,"South Amboy, NJ","523 Raritan St, Sayreville, NJ 08872",+17323654240,rcfriscia@gmail.com,2.7,6,,Thursday: 7 AM–7 PM | Friday(Juneteenth): 7 AM–7 PM Hours might differ | Saturday: 7 AM–7 PM | Sunday: Closed | Monday: 7 AM–7 PM | Tuesday: 7 AM–7 PM | Wednesday: 7 AM–7 PM,"connection_quality, latency_level, is_ad, content_category","Bob's Handyman Services LLC., Scotch Plains. 1,015 likes. Free estimates, fully insured.
Your local handyman.
Let's get that to-do list done!",,https://www.facebook.com/BobsHandymanServicesNJ/,,C:\Users\aadik\Downloads\site-builder\leads\photos\handyman-painter-523-raritan-st-sayr\hero.jpg,https://www.google.com/maps/place/Handyman+%26+Painter/data=!4m7!3m6!1s0x89c25e3052b6bcfd:0xcd1a4f8202b2c1e7!8m2!3d40.4778903!4d-74.2973185!16s%2Fg%2F11f4pp0t6x!19sChIJ_by2UjBewokR58GyAoJPGs0,No website,77,C:\Users\aadik\Downloads\site-builder\leads\photos\handyman-painter-523-raritan-st-sayr
BIZ_048,LEÓN & SONS MECHANICAL REFRIGERATION AND HVAC LLC,HVAC contractor,"Jersey City, NJ",,+15512321180,,5.0,8,,Thursday: Open 24 hours | Friday: Open 24 hours | Saturday: Open 24 hours | Sunday: Open 24 hours | Monday: Open 24 hours | Tuesday: Open 24 hours | Wednesday: Open 24 hours,,,,,,C:\Users\aadik\Downloads\site-builder\leads\photos\le-n-sons-mechanical-refrigeration-and-hvac-llc\hero.jpg,https://www.google.com/maps/place/LE%C3%93N+%26+SONS+MECHANICAL+REFRIGERATION+AND+HVAC+LLC/data=!4m7!3m6!1s0x64f2410a0d0ad98b:0x5f4308985d1bcc4e!8m2!3d40.073132!4d-74.6318776!16s%2Fg%2F11z2tnf9qt!19sChIJi9kKDQpB8mQRTswbXZgIQ18,No website,63,C:\Users\aadik\Downloads\site-builder\leads\photos\le-n-sons-mechanical-refrigeration-and-hvac-llc
BIZ_049,Pawforming Pet LLC,Pet supply store,"Jersey City, NJ","111 Town Square Pl #305328 ste 1238, Jersey City, NJ 07310",+12016867713,,4.6,68,,,,,,,,C:\Users\aadik\Downloads\site-builder\leads\photos\pawforming-pet-llc-111-town-square-pl\hero.jpg,https://www.google.com/maps/place/Pawforming+Pet+LLC/data=!4m7!3m6!1s0x89c257d4a4d908f9:0x413c4297e5bf507e!8m2!3d40.7263652!4d-74.0337049!16s%2Fg%2F11wr3m1bkf!19sChIJ-QjZpNRXwokRflC_5ZdCPEE,No website,63,C:\Users\aadik\Downloads\site-builder\leads\photos\pawforming-pet-llc-111-town-square-pl
BIZ_050,Griffin Sewer & Drains,Plumber,"Jersey City, NJ","184 Griffith St, Jersey City, NJ 07307",+12019426350,,4.2,41,,,,,,,,C:\Users\aadik\Downloads\site-builder\leads\photos\griffin-sewer-drains-184-griffith-st-jer\hero.jpg,https://www.google.com/maps/place/Griffin+Sewer+%26+Drains/data=!4m7!3m6!1s0x89c2576af6125cb7:0x84caa2a75291212!8m2!3d40.746722!4d-74.050609!16s%2Fg%2F1262z1hzg!19sChIJt1wS9mpXwokREhIpdSqqTAg,No website,63,C:\Users\aadik\Downloads\site-builder\leads\photos\griffin-sewer-drains-184-griffith-st-jer
